REM INSERTING into H_TIPO_DOCUMENTO
SET DEFINE OFF;
Insert into H_TIPO_DOCUMENTO (DESC_ABREVIADA,DESC_LARGA) values ('CI','CEDULA DE IDENTIDAD');
Insert into H_TIPO_DOCUMENTO (DESC_ABREVIADA,DESC_LARGA) values ('RUC','REGISTRO DE CONTRIBUYENTE');
Insert into H_TIPO_DOCUMENTO (DESC_ABREVIADA,DESC_LARGA) values ('PSP','PASAPORTE');
REM INSERTING into H_CANAL_RESERVA
SET DEFINE OFF;
Insert into H_CANAL_RESERVA (CODIGO,NOMBRE,HABILITADO) values ('1','CONTACT CENTER','S');
Insert into H_CANAL_RESERVA (CODIGO,NOMBRE,HABILITADO) values ('2','PAGINA WEB','S');
Insert into H_CANAL_RESERVA (CODIGO,NOMBRE,HABILITADO) values ('3','FRONT DESK','S');
Insert into H_CANAL_RESERVA (CODIGO,NOMBRE,HABILITADO) values ('4','EXPIDIA','S');
REM INSERTING into H_CATEGORIA
SET DEFINE OFF;
Insert into H_CATEGORIA (CODIGO,DESCRIPCION,COSTO_X_NOCHE,COSTO_ADICIONAL_HUESP,CAPACIDAD_MAXIMA) values ('1','SIMPLE ESTÁNDAR','300000','0','1');
Insert into H_CATEGORIA (CODIGO,DESCRIPCION,COSTO_X_NOCHE,COSTO_ADICIONAL_HUESP,CAPACIDAD_MAXIMA) values ('2','DOBLE ESTÁNDAR','500000','0','2');
Insert into H_CATEGORIA (CODIGO,DESCRIPCION,COSTO_X_NOCHE,COSTO_ADICIONAL_HUESP,CAPACIDAD_MAXIMA) values ('3','TRIPLE ESTÁNDAR','700000','0','3');
Insert into H_CATEGORIA (CODIGO,DESCRIPCION,COSTO_X_NOCHE,COSTO_ADICIONAL_HUESP,CAPACIDAD_MAXIMA) values ('4','DOBLE MATRIMONIAL','550000','0','2');
Insert into H_CATEGORIA (CODIGO,DESCRIPCION,COSTO_X_NOCHE,COSTO_ADICIONAL_HUESP,CAPACIDAD_MAXIMA) values ('5','SUITE EJECUTIVA','800000','0','2');
REM INSERTING into H_EMISOR_TARJETA
SET DEFINE OFF;
Insert into H_EMISOR_TARJETA (CODIGO,NOMBRE,DIRECCION,TELEFONO,EMAIL,TIPO) values ('1','ITAU','GALERIA','4177000','info@itau.com.py','B');
Insert into H_EMISOR_TARJETA (CODIGO,NOMBRE,DIRECCION,TELEFONO,EMAIL,TIPO) values ('2','UENO','AVDA. AVIADORES DEL CHACO','6006000','uenobank@ueno.com.py','B');
Insert into H_EMISOR_TARJETA (CODIGO,NOMBRE,DIRECCION,TELEFONO,EMAIL,TIPO) values ('3','CU','AVDA. RCA. ARGENTINA','4146000','cuta@cu.com.py','C');
REM INSERTING into H_HABITACION
SET DEFINE OFF;
Insert into H_HABITACION (NUMERO,PISO,COD_CATEGORIA,OCUPADO) values ('11','1','1','S');
Insert into H_HABITACION (NUMERO,PISO,COD_CATEGORIA,OCUPADO) values ('12','1','1','N');
Insert into H_HABITACION (NUMERO,PISO,COD_CATEGORIA,OCUPADO) values ('13','1','2','S');
Insert into H_HABITACION (NUMERO,PISO,COD_CATEGORIA,OCUPADO) values ('14','1','2','N');
Insert into H_HABITACION (NUMERO,PISO,COD_CATEGORIA,OCUPADO) values ('15','1','2','S');
Insert into H_HABITACION (NUMERO,PISO,COD_CATEGORIA,OCUPADO) values ('16','1','3','N');
Insert into H_HABITACION (NUMERO,PISO,COD_CATEGORIA,OCUPADO) values ('21','2','1','N');
Insert into H_HABITACION (NUMERO,PISO,COD_CATEGORIA,OCUPADO) values ('22','2','1','N');
Insert into H_HABITACION (NUMERO,PISO,COD_CATEGORIA,OCUPADO) values ('23','2','2','N');
Insert into H_HABITACION (NUMERO,PISO,COD_CATEGORIA,OCUPADO) values ('24','2','2','N');
Insert into H_HABITACION (NUMERO,PISO,COD_CATEGORIA,OCUPADO) values ('25','2','2','N');
Insert into H_HABITACION (NUMERO,PISO,COD_CATEGORIA,OCUPADO) values ('26','2','4','N');
REM INSERTING into H_HUESPED
SET DEFINE OFF;
Insert into H_HUESPED (CODIGO,TIPO_DOCUMENTO,NUM_DOCUMENTO,PRIMER_NOMBRE,PRIMER_APELLIDO,SEGUNDO_NOMBRE,SEGUNDO_APELLIDO,TELEFONO_MOVIL,DIRECCION_PARTICULAR,EMAIL,FECHA_NACIMIENTO,FECHA_ALTA) values ('1','CI','1699299','Julio','Castillo','Jose','Veron','021601210','Justo Roman 612 e/Cap. Maciel y Sgto. Marecos','juliojose@gmail.com',to_date('30/01/75','DD/MM/RR'),to_date('15/08/24','DD/MM/RR'));
Insert into H_HUESPED (CODIGO,TIPO_DOCUMENTO,NUM_DOCUMENTO,PRIMER_NOMBRE,PRIMER_APELLIDO,SEGUNDO_NOMBRE,SEGUNDO_APELLIDO,TELEFONO_MOVIL,DIRECCION_PARTICULAR,EMAIL,FECHA_NACIMIENTO,FECHA_ALTA) values ('2','CI','3050663','Juan','Castillo','Manuel','Vera','21200848','Juan de Salazar 638','Juancastillo@gmail.com',to_date('31/01/00','DD/MM/RR'),to_date('15/08/24','DD/MM/RR'));
Insert into H_HUESPED (CODIGO,TIPO_DOCUMENTO,NUM_DOCUMENTO,PRIMER_NOMBRE,PRIMER_APELLIDO,SEGUNDO_NOMBRE,SEGUNDO_APELLIDO,TELEFONO_MOVIL,DIRECCION_PARTICULAR,EMAIL,FECHA_NACIMIENTO,FECHA_ALTA) values ('3','CI','1729315','Juana','Vera','Bautista','Moreira','021227066','Teodoro S. Mongelos Nº. 271','JuanaVera@gmail.com',to_date('03/02/78','DD/MM/RR'),to_date('15/08/24','DD/MM/RR'));
Insert into H_HUESPED (CODIGO,TIPO_DOCUMENTO,NUM_DOCUMENTO,PRIMER_NOMBRE,PRIMER_APELLIDO,SEGUNDO_NOMBRE,SEGUNDO_APELLIDO,TELEFONO_MOVIL,DIRECCION_PARTICULAR,EMAIL,FECHA_NACIMIENTO,FECHA_ALTA) values ('4','CI','1342761','Ernesto','Caballero','Juan','Vargas','021214688','Av. Peru Nº 1044 esq. Romulo Rios','JuanCaballero@gmail.com',to_date('12/06/70','DD/MM/RR'),to_date('15/08/24','DD/MM/RR'));
Insert into H_HUESPED (CODIGO,TIPO_DOCUMENTO,NUM_DOCUMENTO,PRIMER_NOMBRE,PRIMER_APELLIDO,SEGUNDO_NOMBRE,SEGUNDO_APELLIDO,TELEFONO_MOVIL,DIRECCION_PARTICULAR,EMAIL,FECHA_NACIMIENTO,FECHA_ALTA) values ('5','CI','4306421','Maria ','Caballero','Pabla','Torrez','021200284','Avda. España, esq. Avda. Peru','mariacaballero@gmail.com',to_date('02/08/01','DD/MM/RR'),to_date('15/08/24','DD/MM/RR'));
Insert into H_HUESPED (CODIGO,TIPO_DOCUMENTO,NUM_DOCUMENTO,PRIMER_NOMBRE,PRIMER_APELLIDO,SEGUNDO_NOMBRE,SEGUNDO_APELLIDO,TELEFONO_MOVIL,DIRECCION_PARTICULAR,EMAIL,FECHA_NACIMIENTO,FECHA_ALTA) values ('6','CI','4705203','Joaquin','Diaz','Eduardo','Veron','021490608','Buongermini 1174','Joaquindiaz@gmail.com',to_date('02/09/80','DD/MM/RR'),to_date('15/08/24','DD/MM/RR'));
Insert into H_HUESPED (CODIGO,TIPO_DOCUMENTO,NUM_DOCUMENTO,PRIMER_NOMBRE,PRIMER_APELLIDO,SEGUNDO_NOMBRE,SEGUNDO_APELLIDO,TELEFONO_MOVIL,DIRECCION_PARTICULAR,EMAIL,FECHA_NACIMIENTO,FECHA_ALTA) values ('7','CI','3705203','Pedro','Araujo','Adan','Ramirez','021497225','Milan 1763','PedroAraujo@gmail.com',to_date('12/10/79','DD/MM/RR'),to_date('15/08/24','DD/MM/RR'));
Insert into H_HUESPED (CODIGO,TIPO_DOCUMENTO,NUM_DOCUMENTO,PRIMER_NOMBRE,PRIMER_APELLIDO,SEGUNDO_NOMBRE,SEGUNDO_APELLIDO,TELEFONO_MOVIL,DIRECCION_PARTICULAR,EMAIL,FECHA_NACIMIENTO,FECHA_ALTA) values ('8','CI','3232206','Miguel','Arguello','Paul','Coronel','028211536','Juan Manuel Frutos Pane 397','MiguelArguello77@gmail.com',to_date('12/10/68','DD/MM/RR'),to_date('15/08/24','DD/MM/RR'));
Insert into H_HUESPED (CODIGO,TIPO_DOCUMENTO,NUM_DOCUMENTO,PRIMER_NOMBRE,PRIMER_APELLIDO,SEGUNDO_NOMBRE,SEGUNDO_APELLIDO,TELEFONO_MOVIL,DIRECCION_PARTICULAR,EMAIL,FECHA_NACIMIENTO,FECHA_ALTA) values ('9','CI','45253605','Maria','Peralta','Ines','Rojas','0982202486','Federacion Rusa 1249 c/ San Benigno','MariaPeralta78@gmail.com',to_date('12/10/72','DD/MM/RR'),to_date('15/08/24','DD/MM/RR'));
Insert into H_HUESPED (CODIGO,TIPO_DOCUMENTO,NUM_DOCUMENTO,PRIMER_NOMBRE,PRIMER_APELLIDO,SEGUNDO_NOMBRE,SEGUNDO_APELLIDO,TELEFONO_MOVIL,DIRECCION_PARTICULAR,EMAIL,FECHA_NACIMIENTO,FECHA_ALTA) values ('10','CI','4825615','Guillermo','Marin',null,'Peralta','0971225202','Estados Unidos 182','GuillermoMarin89@gmail.com',to_date('03/02/00','DD/MM/RR'),to_date('15/08/24','DD/MM/RR'));
Insert into H_HUESPED (CODIGO,TIPO_DOCUMENTO,NUM_DOCUMENTO,PRIMER_NOMBRE,PRIMER_APELLIDO,SEGUNDO_NOMBRE,SEGUNDO_APELLIDO,TELEFONO_MOVIL,DIRECCION_PARTICULAR,EMAIL,FECHA_NACIMIENTO,FECHA_ALTA) values ('11','CI','25453805','Erika','Langer','Andrea','Armoa','021661964','Santa Ana 1180','ErikaLanger23@gmail.com',to_date('12/10/81','DD/MM/RR'),to_date('15/08/24','DD/MM/RR'));
Insert into H_HUESPED (CODIGO,TIPO_DOCUMENTO,NUM_DOCUMENTO,PRIMER_NOMBRE,PRIMER_APELLIDO,SEGUNDO_NOMBRE,SEGUNDO_APELLIDO,TELEFONO_MOVIL,DIRECCION_PARTICULAR,EMAIL,FECHA_NACIMIENTO,FECHA_ALTA) values ('12','CI','1950785','Justo','Bogarin','Javier','Maldonado','021200948','Mcal. Estigarribia 1240 c/Constitucion','JustoBogarin81@gmail.com',to_date('12/10/61','DD/MM/RR'),to_date('15/08/24','DD/MM/RR'));
Insert into H_HUESPED (CODIGO,TIPO_DOCUMENTO,NUM_DOCUMENTO,PRIMER_NOMBRE,PRIMER_APELLIDO,SEGUNDO_NOMBRE,SEGUNDO_APELLIDO,TELEFONO_MOVIL,DIRECCION_PARTICULAR,EMAIL,FECHA_NACIMIENTO,FECHA_ALTA) values ('13','CI','2125780','Patricia','Molinas','Ramona','Zoilan','021201607','Tte. Fariña 1076 e/ EE.UU y Brasil','PatriciaMolinas79@gmail.com',to_date('12/08/82','DD/MM/RR'),to_date('15/08/24','DD/MM/RR'));
Insert into H_HUESPED (CODIGO,TIPO_DOCUMENTO,NUM_DOCUMENTO,PRIMER_NOMBRE,PRIMER_APELLIDO,SEGUNDO_NOMBRE,SEGUNDO_APELLIDO,TELEFONO_MOVIL,DIRECCION_PARTICULAR,EMAIL,FECHA_NACIMIENTO,FECHA_ALTA) values ('14','CI','3150230','Marco','Caceres','Arsenio','Garelli','021208218','Rio de Janeiro y Rosa Peralta','MarcoCaceres12@gmail.com',to_date('16/02/80','DD/MM/RR'),to_date('15/08/24','DD/MM/RR'));
Insert into H_HUESPED (CODIGO,TIPO_DOCUMENTO,NUM_DOCUMENTO,PRIMER_NOMBRE,PRIMER_APELLIDO,SEGUNDO_NOMBRE,SEGUNDO_APELLIDO,TELEFONO_MOVIL,DIRECCION_PARTICULAR,EMAIL,FECHA_NACIMIENTO,FECHA_ALTA) values ('15','CI','2663232','Gustavo','Almiron',null,'Lopez','096165433','Jose F. Bogado y 22 Pydas','GustavoAlmiron70@gmail.com',to_date('14/09/72','DD/MM/RR'),to_date('15/08/24','DD/MM/RR'));
Insert into H_HUESPED (CODIGO,TIPO_DOCUMENTO,NUM_DOCUMENTO,PRIMER_NOMBRE,PRIMER_APELLIDO,SEGUNDO_NOMBRE,SEGUNDO_APELLIDO,TELEFONO_MOVIL,DIRECCION_PARTICULAR,EMAIL,FECHA_NACIMIENTO,FECHA_ALTA) values ('16','CI','56235423','Lucas','Miranda',null,'Acevedo','021207374','Rio de Janeiro 598 c/ San Jose','LucasMiranda45@gmail.com',to_date('10/02/63','DD/MM/RR'),to_date('15/08/24','DD/MM/RR'));
Insert into H_HUESPED (CODIGO,TIPO_DOCUMENTO,NUM_DOCUMENTO,PRIMER_NOMBRE,PRIMER_APELLIDO,SEGUNDO_NOMBRE,SEGUNDO_APELLIDO,TELEFONO_MOVIL,DIRECCION_PARTICULAR,EMAIL,FECHA_NACIMIENTO,FECHA_ALTA) values ('17','CI','3950382','Derlis','Duarte','Miguel','Ferreira','0972208218','Mayor Bullo 315 c/ Mcal. Estigarribia','DerlisDuarte55@gmail.com',to_date('21/04/75','DD/MM/RR'),to_date('15/08/24','DD/MM/RR'));
Insert into H_HUESPED (CODIGO,TIPO_DOCUMENTO,NUM_DOCUMENTO,PRIMER_NOMBRE,PRIMER_APELLIDO,SEGUNDO_NOMBRE,SEGUNDO_APELLIDO,TELEFONO_MOVIL,DIRECCION_PARTICULAR,EMAIL,FECHA_NACIMIENTO,FECHA_ALTA) values ('18','CI','2692661','Denis','Lopez',null,'Estigarribia','021570105','Lomas Valentinas 715','DenisLopez20@gmail.com',to_date('15/09/79','DD/MM/RR'),to_date('15/08/24','DD/MM/RR'));
Insert into H_HUESPED (CODIGO,TIPO_DOCUMENTO,NUM_DOCUMENTO,PRIMER_NOMBRE,PRIMER_APELLIDO,SEGUNDO_NOMBRE,SEGUNDO_APELLIDO,TELEFONO_MOVIL,DIRECCION_PARTICULAR,EMAIL,FECHA_NACIMIENTO,FECHA_ALTA) values ('19','CI','3850632','Cristian','A¤azco',null,'Delvalle','021227522','Mary Lions 130 c/ Mcal. Lopez','Cristian¤azco79@gmail.com',to_date('21/09/81','DD/MM/RR'),to_date('15/08/24','DD/MM/RR'));
Insert into H_HUESPED (CODIGO,TIPO_DOCUMENTO,NUM_DOCUMENTO,PRIMER_NOMBRE,PRIMER_APELLIDO,SEGUNDO_NOMBRE,SEGUNDO_APELLIDO,TELEFONO_MOVIL,DIRECCION_PARTICULAR,EMAIL,FECHA_NACIMIENTO,FECHA_ALTA) values ('20','CI','4250130','Vivian','Maciel','Elizabeth','Cousirat','0961939043','Brasil 165 e/Mcal. Lopez y Jose Berges','VivianCousirat@gmail.com',to_date('01/09/70','DD/MM/RR'),to_date('15/08/24','DD/MM/RR'));
Insert into H_HUESPED (CODIGO,TIPO_DOCUMENTO,NUM_DOCUMENTO,PRIMER_NOMBRE,PRIMER_APELLIDO,SEGUNDO_NOMBRE,SEGUNDO_APELLIDO,TELEFONO_MOVIL,DIRECCION_PARTICULAR,EMAIL,FECHA_NACIMIENTO,FECHA_ALTA) values ('21','CI','4102306','Yisel','Oviedo',null,'Marin','021493209','Pai­Perez 448 e/Cerro Cora y 25 de Mayo','YiselOviedo@gmail.com',to_date('12/09/85','DD/MM/RR'),to_date('15/08/24','DD/MM/RR'));
Insert into H_HUESPED (CODIGO,TIPO_DOCUMENTO,NUM_DOCUMENTO,PRIMER_NOMBRE,PRIMER_APELLIDO,SEGUNDO_NOMBRE,SEGUNDO_APELLIDO,TELEFONO_MOVIL,DIRECCION_PARTICULAR,EMAIL,FECHA_NACIMIENTO,FECHA_ALTA) values ('22','CI','2365632','David','Solis','Paul','Saccarello','0982893993','Libertad 977 c/ Brasilia','DavidSolis@gmail.com',to_date('21/10/81','DD/MM/RR'),to_date('15/08/24','DD/MM/RR'));
Insert into H_HUESPED (CODIGO,TIPO_DOCUMENTO,NUM_DOCUMENTO,PRIMER_NOMBRE,PRIMER_APELLIDO,SEGUNDO_NOMBRE,SEGUNDO_APELLIDO,TELEFONO_MOVIL,DIRECCION_PARTICULAR,EMAIL,FECHA_NACIMIENTO,FECHA_ALTA) values ('23','CI','4212139','Estela','Mir ',null,'Zayas','0961692909','Bernardino Caballero 282',null,to_date('22/08/70','DD/MM/RR'),to_date('15/08/24','DD/MM/RR'));
Insert into H_HUESPED (CODIGO,TIPO_DOCUMENTO,NUM_DOCUMENTO,PRIMER_NOMBRE,PRIMER_APELLIDO,SEGUNDO_NOMBRE,SEGUNDO_APELLIDO,TELEFONO_MOVIL,DIRECCION_PARTICULAR,EMAIL,FECHA_NACIMIENTO,FECHA_ALTA) values ('24','CI','5632320','Romina','Acevedo',null,'Mir','0212009301','Peru Nº 749 c/ Defensa Nacional',null,to_date('12/10/11','DD/MM/RR'),to_date('15/08/24','DD/MM/RR'));
Insert into H_HUESPED (CODIGO,TIPO_DOCUMENTO,NUM_DOCUMENTO,PRIMER_NOMBRE,PRIMER_APELLIDO,SEGUNDO_NOMBRE,SEGUNDO_APELLIDO,TELEFONO_MOVIL,DIRECCION_PARTICULAR,EMAIL,FECHA_NACIMIENTO,FECHA_ALTA) values ('25','CI','3332306','Diego','Vega','Abel','Chaparro','021982839','Dr. J. Eulogio Estigarribia 4515 e/ Saravi',null,to_date('25/07/74','DD/MM/RR'),to_date('15/08/24','DD/MM/RR'));
Insert into H_HUESPED (CODIGO,TIPO_DOCUMENTO,NUM_DOCUMENTO,PRIMER_NOMBRE,PRIMER_APELLIDO,SEGUNDO_NOMBRE,SEGUNDO_APELLIDO,TELEFONO_MOVIL,DIRECCION_PARTICULAR,EMAIL,FECHA_NACIMIENTO,FECHA_ALTA) values ('26','CI','6140365','Alex','Vega','Miguel','Centurion','021300314','24 de Mayo 2543 c/ Esperanza',null,to_date('08/12/11','DD/MM/RR'),to_date('15/08/24','DD/MM/RR'));
Insert into H_HUESPED (CODIGO,TIPO_DOCUMENTO,NUM_DOCUMENTO,PRIMER_NOMBRE,PRIMER_APELLIDO,SEGUNDO_NOMBRE,SEGUNDO_APELLIDO,TELEFONO_MOVIL,DIRECCION_PARTICULAR,EMAIL,FECHA_NACIMIENTO,FECHA_ALTA) values ('27','CI','952160','Jose','Caniza',null,'Livieres','028299091','Ruta 2 km 22','JoseCaniza@gmail.com',to_date('05/10/60','DD/MM/RR'),to_date('15/08/24','DD/MM/RR'));
Insert into H_HUESPED (CODIGO,TIPO_DOCUMENTO,NUM_DOCUMENTO,PRIMER_NOMBRE,PRIMER_APELLIDO,SEGUNDO_NOMBRE,SEGUNDO_APELLIDO,TELEFONO_MOVIL,DIRECCION_PARTICULAR,EMAIL,FECHA_NACIMIENTO,FECHA_ALTA) values ('28','CI','1098169','Carmen','Ferreira',null,null,'021558886','Julia Miranda Cueto 1730 c/ Ytororo','CarmenFerreira@gmail.com',to_date('23/01/55','DD/MM/RR'),to_date('15/08/24','DD/MM/RR'));
Insert into H_HUESPED (CODIGO,TIPO_DOCUMENTO,NUM_DOCUMENTO,PRIMER_NOMBRE,PRIMER_APELLIDO,SEGUNDO_NOMBRE,SEGUNDO_APELLIDO,TELEFONO_MOVIL,DIRECCION_PARTICULAR,EMAIL,FECHA_NACIMIENTO,FECHA_ALTA) values ('29','CI','1309873','Martin','Moreno',null,null,'021207374','Rio de Janeiro 598 c/ San Jose','MartinMoreno@gmail.com',to_date('04/12/75','DD/MM/RR'),to_date('15/08/24','DD/MM/RR'));
Insert into H_HUESPED (CODIGO,TIPO_DOCUMENTO,NUM_DOCUMENTO,PRIMER_NOMBRE,PRIMER_APELLIDO,SEGUNDO_NOMBRE,SEGUNDO_APELLIDO,TELEFONO_MOVIL,DIRECCION_PARTICULAR,EMAIL,FECHA_NACIMIENTO,FECHA_ALTA) values ('30','CI','2207185','Gustavo','Olmedo',null,null,'021449332','Iturbe y 4ta.','GustavoOlmedo@gmail.com',to_date('30/04/80','DD/MM/RR'),to_date('15/08/24','DD/MM/RR'));
Insert into H_HUESPED (CODIGO,TIPO_DOCUMENTO,NUM_DOCUMENTO,PRIMER_NOMBRE,PRIMER_APELLIDO,SEGUNDO_NOMBRE,SEGUNDO_APELLIDO,TELEFONO_MOVIL,DIRECCION_PARTICULAR,EMAIL,FECHA_NACIMIENTO,FECHA_ALTA) values ('31','CI','2149060','Fernanda','Zacarias','Maria',null,'S/N','S/D','FernandaZacarias@gmail.com',to_date('20/02/78','DD/MM/RR'),to_date('15/08/24','DD/MM/RR'));
Insert into H_HUESPED (CODIGO,TIPO_DOCUMENTO,NUM_DOCUMENTO,PRIMER_NOMBRE,PRIMER_APELLIDO,SEGUNDO_NOMBRE,SEGUNDO_APELLIDO,TELEFONO_MOVIL,DIRECCION_PARTICULAR,EMAIL,FECHA_NACIMIENTO,FECHA_ALTA) values ('32','CI','3008180','Eva','Gonzalez',null,null,'S/N','S/D','EvaGonzalez@gmail.com',to_date('22/11/80','DD/MM/RR'),to_date('15/08/24','DD/MM/RR'));
Insert into H_HUESPED (CODIGO,TIPO_DOCUMENTO,NUM_DOCUMENTO,PRIMER_NOMBRE,PRIMER_APELLIDO,SEGUNDO_NOMBRE,SEGUNDO_APELLIDO,TELEFONO_MOVIL,DIRECCION_PARTICULAR,EMAIL,FECHA_NACIMIENTO,FECHA_ALTA) values ('33','CI','2981474','Amanda','Perez',null,null,'S/N','S/D','AmandaPerez@gmail.com',to_date('01/07/70','DD/MM/RR'),to_date('15/08/24','DD/MM/RR'));
Insert into H_HUESPED (CODIGO,TIPO_DOCUMENTO,NUM_DOCUMENTO,PRIMER_NOMBRE,PRIMER_APELLIDO,SEGUNDO_NOMBRE,SEGUNDO_APELLIDO,TELEFONO_MOVIL,DIRECCION_PARTICULAR,EMAIL,FECHA_NACIMIENTO,FECHA_ALTA) values ('34','CI','2608701','Ricardo','Meza',null,null,'S/N','S/D','RicardoMeza@gmail.com',to_date('03/01/80','DD/MM/RR'),to_date('15/08/24','DD/MM/RR'));
Insert into H_HUESPED (CODIGO,TIPO_DOCUMENTO,NUM_DOCUMENTO,PRIMER_NOMBRE,PRIMER_APELLIDO,SEGUNDO_NOMBRE,SEGUNDO_APELLIDO,TELEFONO_MOVIL,DIRECCION_PARTICULAR,EMAIL,FECHA_NACIMIENTO,FECHA_ALTA) values ('35','CI','3212543','Ruben','Aguayo',null,null,'S/N','S/D','RubenAguayo@gmail.com',to_date('03/05/83','DD/MM/RR'),to_date('15/08/24','DD/MM/RR'));
Insert into H_HUESPED (CODIGO,TIPO_DOCUMENTO,NUM_DOCUMENTO,PRIMER_NOMBRE,PRIMER_APELLIDO,SEGUNDO_NOMBRE,SEGUNDO_APELLIDO,TELEFONO_MOVIL,DIRECCION_PARTICULAR,EMAIL,FECHA_NACIMIENTO,FECHA_ALTA) values ('36','CI','800909','Carmelo','Caballero',null,null,'S/N','S/D','CarmeloCaballero@gmail.com',to_date('03/05/90','DD/MM/RR'),to_date('15/08/24','DD/MM/RR'));
Insert into H_HUESPED (CODIGO,TIPO_DOCUMENTO,NUM_DOCUMENTO,PRIMER_NOMBRE,PRIMER_APELLIDO,SEGUNDO_NOMBRE,SEGUNDO_APELLIDO,TELEFONO_MOVIL,DIRECCION_PARTICULAR,EMAIL,FECHA_NACIMIENTO,FECHA_ALTA) values ('37','CI','1825679','Sandra','Ocampos',null,null,'S/N','S/D','SandraOcampos@gmail.com',to_date('02/07/59','DD/MM/RR'),to_date('15/08/24','DD/MM/RR'));
Insert into H_HUESPED (CODIGO,TIPO_DOCUMENTO,NUM_DOCUMENTO,PRIMER_NOMBRE,PRIMER_APELLIDO,SEGUNDO_NOMBRE,SEGUNDO_APELLIDO,TELEFONO_MOVIL,DIRECCION_PARTICULAR,EMAIL,FECHA_NACIMIENTO,FECHA_ALTA) values ('38','CI','4099480','Gloria','Mendoza',null,null,'S/N','S/D','GloriaMendoza@gmail.com',to_date('25/03/63','DD/MM/RR'),to_date('15/08/24','DD/MM/RR'));
Insert into H_HUESPED (CODIGO,TIPO_DOCUMENTO,NUM_DOCUMENTO,PRIMER_NOMBRE,PRIMER_APELLIDO,SEGUNDO_NOMBRE,SEGUNDO_APELLIDO,TELEFONO_MOVIL,DIRECCION_PARTICULAR,EMAIL,FECHA_NACIMIENTO,FECHA_ALTA) values ('39','CI','2998388','Edgar','Aguilera',null,null,'S/N','S/D','EdgarAguilera@gmail.com',to_date('30/03/87','DD/MM/RR'),to_date('15/08/24','DD/MM/RR'));
Insert into H_HUESPED (CODIGO,TIPO_DOCUMENTO,NUM_DOCUMENTO,PRIMER_NOMBRE,PRIMER_APELLIDO,SEGUNDO_NOMBRE,SEGUNDO_APELLIDO,TELEFONO_MOVIL,DIRECCION_PARTICULAR,EMAIL,FECHA_NACIMIENTO,FECHA_ALTA) values ('40','CI','4433245','Hugo','Adorno',null,null,'S/N','S/D','HugoAdorno@gmail.com',to_date('02/09/86','DD/MM/RR'),to_date('15/08/24','DD/MM/RR'));
Insert into H_HUESPED (CODIGO,TIPO_DOCUMENTO,NUM_DOCUMENTO,PRIMER_NOMBRE,PRIMER_APELLIDO,SEGUNDO_NOMBRE,SEGUNDO_APELLIDO,TELEFONO_MOVIL,DIRECCION_PARTICULAR,EMAIL,FECHA_NACIMIENTO,FECHA_ALTA) values ('41','CI','1333394','Jose','Balmaceda',null,null,'S/N','S/D','JoseBalmaceda@gmail.com',to_date('01/10/88','DD/MM/RR'),to_date('15/08/24','DD/MM/RR'));
Insert into H_HUESPED (CODIGO,TIPO_DOCUMENTO,NUM_DOCUMENTO,PRIMER_NOMBRE,PRIMER_APELLIDO,SEGUNDO_NOMBRE,SEGUNDO_APELLIDO,TELEFONO_MOVIL,DIRECCION_PARTICULAR,EMAIL,FECHA_NACIMIENTO,FECHA_ALTA) values ('42','CI','2204219','Sebastian','Benitez',null,null,'S/N','S/D','SebastianBenitez@gmail.com',to_date('07/07/76','DD/MM/RR'),to_date('15/08/24','DD/MM/RR'));
Insert into H_HUESPED (CODIGO,TIPO_DOCUMENTO,NUM_DOCUMENTO,PRIMER_NOMBRE,PRIMER_APELLIDO,SEGUNDO_NOMBRE,SEGUNDO_APELLIDO,TELEFONO_MOVIL,DIRECCION_PARTICULAR,EMAIL,FECHA_NACIMIENTO,FECHA_ALTA) values ('43','CI','1372876','Marta','Franco',null,'Nu¤ez','S/N','S/D','MartaFranco@gmail.com',to_date('07/01/79','DD/MM/RR'),to_date('15/08/24','DD/MM/RR'));
Insert into H_HUESPED (CODIGO,TIPO_DOCUMENTO,NUM_DOCUMENTO,PRIMER_NOMBRE,PRIMER_APELLIDO,SEGUNDO_NOMBRE,SEGUNDO_APELLIDO,TELEFONO_MOVIL,DIRECCION_PARTICULAR,EMAIL,FECHA_NACIMIENTO,FECHA_ALTA) values ('44','CI','1621456','Sun Jin','Lee',null,null,'S/N','S/D','Sun JinLee@gmail.com',to_date('23/08/74','DD/MM/RR'),to_date('15/08/24','DD/MM/RR'));
Insert into H_HUESPED (CODIGO,TIPO_DOCUMENTO,NUM_DOCUMENTO,PRIMER_NOMBRE,PRIMER_APELLIDO,SEGUNDO_NOMBRE,SEGUNDO_APELLIDO,TELEFONO_MOVIL,DIRECCION_PARTICULAR,EMAIL,FECHA_NACIMIENTO,FECHA_ALTA) values ('45','CI','983287','Felicia','Da Rosa',null,null,'S/N','S/D','FeliciaDa Rosa@gmail.com',to_date('06/05/78','DD/MM/RR'),to_date('15/08/24','DD/MM/RR'));
REM INSERTING into H_MOVIMIENTO_PRODUCTO
SET DEFINE OFF;
REM INSERTING into H_PRODUCTO_SERVICIO
SET DEFINE OFF;
Insert into H_PRODUCTO_SERVICIO (ID,DESCRIPCION,PRECIO,TIPO,PORC_IVA,CANTIDAD_ACTUAL) values ('1','LAVANDERIA-CAMISA','10000','S','10','0');
Insert into H_PRODUCTO_SERVICIO (ID,DESCRIPCION,PRECIO,TIPO,PORC_IVA,CANTIDAD_ACTUAL) values ('2','LAVANDERIA-BLUSA','10000','S','10','0');
Insert into H_PRODUCTO_SERVICIO (ID,DESCRIPCION,PRECIO,TIPO,PORC_IVA,CANTIDAD_ACTUAL) values ('3','LAVANDERIA-PANTALON','15000','S','10','0');
Insert into H_PRODUCTO_SERVICIO (ID,DESCRIPCION,PRECIO,TIPO,PORC_IVA,CANTIDAD_ACTUAL) values ('4','LAVANDERIA-POLLERA','10000','S','10','0');
Insert into H_PRODUCTO_SERVICIO (ID,DESCRIPCION,PRECIO,TIPO,PORC_IVA,CANTIDAD_ACTUAL) values ('5','AGUA MINERAL','12000','P','10','50');
Insert into H_PRODUCTO_SERVICIO (ID,DESCRIPCION,PRECIO,TIPO,PORC_IVA,CANTIDAD_ACTUAL) values ('6','COCA COLA','15000','P','10','50');
Insert into H_PRODUCTO_SERVICIO (ID,DESCRIPCION,PRECIO,TIPO,PORC_IVA,CANTIDAD_ACTUAL) values ('7','CERVEZA PILSEN LATA','20000','P','10','45');
Insert into H_PRODUCTO_SERVICIO (ID,DESCRIPCION,PRECIO,TIPO,PORC_IVA,CANTIDAD_ACTUAL) values ('8','PAPITA','9900','P','10','60');
REM INSERTING into H_TIMBRADO
SET DEFINE OFF;
Insert into H_TIMBRADO (NUMERO_TIMBRADO,EMISION,ESTABLECIMIENTO,PUNTO_EXPEDICION,NUMERO_DESDE,NUMERO_HASTA,VALIDO_HASTA,ULTIMO_NUM_EMITIDO) values ('15921313',to_date('06/02/24','DD/MM/RR'),'1','1','1','10999',to_date('28/02/25','DD/MM/RR'),'0');
REM INSERTING into H_DATOS_EXTERNOS
SET DEFINE OFF;
Insert into H_DATOS_EXTERNOS (TIPO,TITULAR_OCUPANTE,CHECK_IN,CHECK_OUT,HABITACION,CANAL,RESERVA,FEC_INGRESO,PRODUCTO,PRECIO,CANTIDAD) values ('R','1',to_date('14/08/2024','DD/MM/YYYY'),to_date('16/08/2024','DD/MM/YYYY'),'11','2',null,null,null,null,null);
Insert into H_DATOS_EXTERNOS (TIPO,TITULAR_OCUPANTE,CHECK_IN,CHECK_OUT,HABITACION,CANAL,RESERVA,FEC_INGRESO,PRODUCTO,PRECIO,CANTIDAD) values ('R','7',to_date('14/08/2024','DD/MM/YYYY'),to_date('18/08/2024','DD/MM/YYYY'),'13','2',null,null,null,null,null);
Insert into H_DATOS_EXTERNOS (TIPO,TITULAR_OCUPANTE,CHECK_IN,CHECK_OUT,HABITACION,CANAL,RESERVA,FEC_INGRESO,PRODUCTO,PRECIO,CANTIDAD) values ('R','9',to_date('14/08/2024','DD/MM/YYYY'),to_date('17/08/2024','DD/MM/YYYY'),'15','2',null,null,null,null,null);
Insert into H_DATOS_EXTERNOS (TIPO,TITULAR_OCUPANTE,CHECK_IN,CHECK_OUT,HABITACION,CANAL,RESERVA,FEC_INGRESO,PRODUCTO,PRECIO,CANTIDAD) values ('O','1',null,null,null,null,'1',to_date('14/08/2024 10:30:00','DD/MM/YYYY HH24:MI:SS'),null,null,null);
Insert into H_DATOS_EXTERNOS (TIPO,TITULAR_OCUPANTE,CHECK_IN,CHECK_OUT,HABITACION,CANAL,RESERVA,FEC_INGRESO,PRODUCTO,PRECIO,CANTIDAD) values ('O','7',null,null,null,null,'2',to_date('14/08/2024 14:30:00','DD/MM/YYYY HH24:MI:SS'),null,null,null);
Insert into H_DATOS_EXTERNOS (TIPO,TITULAR_OCUPANTE,CHECK_IN,CHECK_OUT,HABITACION,CANAL,RESERVA,FEC_INGRESO,PRODUCTO,PRECIO,CANTIDAD) values ('O','8',null,null,null,null,'2',to_date('14/08/2024 14:30:00','DD/MM/YYYY HH24:MI:SS'),null,null,null);
Insert into H_DATOS_EXTERNOS (TIPO,TITULAR_OCUPANTE,CHECK_IN,CHECK_OUT,HABITACION,CANAL,RESERVA,FEC_INGRESO,PRODUCTO,PRECIO,CANTIDAD) values ('O','9',null,null,null,null,'3',to_date('14/08/2024 19:30:00','DD/MM/YYYY HH24:MI:SS'),null,null,null);
Insert into H_DATOS_EXTERNOS (TIPO,TITULAR_OCUPANTE,CHECK_IN,CHECK_OUT,HABITACION,CANAL,RESERVA,FEC_INGRESO,PRODUCTO,PRECIO,CANTIDAD) values ('O','10',null,null,null,null,'3',to_date('14/08/2024 19:30:00','DD/MM/YYYY HH24:MI:SS'),null,null,null);
Insert into H_DATOS_EXTERNOS (TIPO,TITULAR_OCUPANTE,CHECK_IN,CHECK_OUT,HABITACION,CANAL,RESERVA,FEC_INGRESO,PRODUCTO,PRECIO,CANTIDAD) values ('C',null,null,null,null,null,'1',null,'5','12000','2');
Insert into H_DATOS_EXTERNOS (TIPO,TITULAR_OCUPANTE,CHECK_IN,CHECK_OUT,HABITACION,CANAL,RESERVA,FEC_INGRESO,PRODUCTO,PRECIO,CANTIDAD) values ('C',null,null,null,null,null,'1',null,'6','15000','2');
Insert into H_DATOS_EXTERNOS (TIPO,TITULAR_OCUPANTE,CHECK_IN,CHECK_OUT,HABITACION,CANAL,RESERVA,FEC_INGRESO,PRODUCTO,PRECIO,CANTIDAD) values ('C',null,null,null,null,null,'1',null,'7','20000','2');
Insert into H_DATOS_EXTERNOS (TIPO,TITULAR_OCUPANTE,CHECK_IN,CHECK_OUT,HABITACION,CANAL,RESERVA,FEC_INGRESO,PRODUCTO,PRECIO,CANTIDAD) values ('C',null,null,null,null,null,'1',null,'8','9900','1');
Insert into H_DATOS_EXTERNOS (TIPO,TITULAR_OCUPANTE,CHECK_IN,CHECK_OUT,HABITACION,CANAL,RESERVA,FEC_INGRESO,PRODUCTO,PRECIO,CANTIDAD) values ('C',null,null,null,null,null,'2',null,'5','12000','4');
Insert into H_DATOS_EXTERNOS (TIPO,TITULAR_OCUPANTE,CHECK_IN,CHECK_OUT,HABITACION,CANAL,RESERVA,FEC_INGRESO,PRODUCTO,PRECIO,CANTIDAD) values ('C',null,null,null,null,null,'2',null,'6','15000','1');
COMMIT;